count,noindex,index
1,2697.70819,0.02375
